first_name,last_name,dob,ent_id,id,block
PAUL,SCHAECFER,1942/07/02,20,3612,S
HERBERT,ALBRECHT,1985/12/15,39,3265,A
BERNHARD,MUELLER,1951/01/27,46,2201,M
JOERIG,WEBER,1976/08/30,106,2963,W
MARTKIN,SCHUBERT,1948/11/20,144,1570,S
HORST,WEBEH,1979/11/06,165,4200,W
MANFRED,MAYWR,1936/04/21,193,4993,M
GERHARD,FISCHER,1967/10/23,205,3844,F
HORST,SCHWARZ,1985/10/14,232,1798,S
ANDREAS,SCHMIDT,2005/06/24,237,2504,S
JOERG,FISCHER,1938/02/09,251,3203,F
HELMMUT,WINTER,1967/01/26,432,3879,W/01
JUERGEN,THOMAS,1987/10/24,455,2514,T
RAINER,HOFFMSNN,1978/12/10,472,2961,H
WOLFGANG,BRANDT,1964/02/10,553,3564,B
PETER ROLF,ZIMMERMANN,1935/11/21,558,4548,Z
THOMAS,MUELLER,1962/12/12,561,3490,M
KARRL,SEIDEL,1958/04/26,579,3035,S
MASIK,SCHULZE,1961/01/15,599,4703,S
MICHAEL,WEBER,1976/03/31,780,4382,W
MARKUS,SCHMIDT,1991/02/05,791,1114,S
HOLGER,KOCN,1930/08/21,897,4933,K
JUERGEN,SCHMIRT,1974/01/17,919,2325,S
HARALD,WOLFF,1983/03/24,959,4136,W
STEFAN,LORENZ,1972/12/08,961,1762,L
MARTIN PETER,MUELJER,2006/11/27,983,4533,M
WOLFGASNG BERND,MAIER,1928/02/06,1004,3204,M
HELMAUT,MAYER,1965/07/23,1033,1068,M
PETER,HOFMANN,1925/03/21,1038,4004,H
WOLFGANG,HUBER,1959/01/04,1077,4894,H
BERND,KAISER,1961/02/17,1103,3112,K
HERMANN,ALBREVHT,1943/11/12,1127,4991,A
PETER,BAUER,1943/12/13,1133,3394,B
VOLEKER,LORENZ,1976/01/27,1140,2644,L
UWE,BRCK,1984/12/06,1147,2350,B
CHRISTIAN,NEUMANN,1935/05/19,1150,4748,N
FRANK,LORENZ,1951/12/02,1165,4482,L
GERD,LANG,1938/12/20,1199,723,L
HEINZ,KRAEMER,1965/01/17,1209,2267,K
SVEN,MUELLER,1958/04/16,1220,3961,M
HELMUT,DIETRKICH,1971/05/11,1223,4028,D
THOMAS,KRUEHER,1964/01/27,1225,1517,K
DANIEL,PFEIFFER,1981/07/15,1239,4788,P
WOLFGIANG,MUELLER,2002/01/16,1245,4936,M
WOLTFGANG,MAYER,1984/01/14,1391,4421,M
JAN,JAEGER,1990/03/01,1396,4983,J
PHILIPP,BERGER,1995/05/19,1429,4393,B
RUDOLF,FRIEDRICH,2003/04/15,1443,2311,F
OLAF ANDREAS,KOCH,1951/01/14,1460,1960,K
PAUBL,MAIER,1947/06/11,1497,657,M
GUENTHER,SCHMID,1926/07/28,1539,4179,S
JOERG,ALBRECHT,1979/10/25,1543,4394,A
THOMAS,KOCH,1922/09/19,1547,2187,K
THOMAS,MUELLER,1942/04/15,1598,4973,M
KLAUCS,KLEIN,2003/08/10,1611,3785,K
STEFAN,FUCHS,1997/04/26,1619,4979,F
ROBERT,SCHROEDER,2001/12/14,1632,2541,S
KAI,KLEIN,2003/11/16,1712,3535,K
MANFRED HANS,PETERS,1987/05/25,1741,2728,P
ROLMF,SCHUBERT,1983/10/13,1742,2240,S
THOMAS,SCHULZ,1998/09/21,1768,4790,S
THOQMAS,SCHREIBER,2004/12/15,1770,2522,S
GUENTHER,ZIMMERMANN,1971/06/23,1794,4320,Z
HANS,RICHTER,1951/11/03,1809,4819,R
WILLIA,FUCHS,1947/10/21,1824,4811,F
HANS,SCHREIBER,2008/11/27,1914,1280,S
JUERGEN,MURLLER,2002/04/14,1917,4263,M
WERNER,SCHMIDT,1956/10/08,1964,3177,S
MARKOUS,WEBER,1954/07/18,2053,4628,W
BERNHARD,BECKER,2002/01/10,2083,3315,B
JAN,HOFFMANN,1924/06/20,2192,2171,H
PETER,WEBER,1989/10/10,2213,4203,W
PETER,KOEHLER,1952/10/17,2216,2086,K
ULRICH KLAUZ,VOGT,2006/11/09,2236,3797,V
WOLFGANG,BECKER,2007/04/15,2244,3627,B
CHRISTIAN,SCHOLZ,1986/09/01,2284,4630,S
HORST,HOFMANN,1944/11/04,2358,3352,H
STEFAN,WAGNER,1926/08/21,2362,1597,W
STEFAN,HOFFMANN,1984/06/26,2448,2027,H
GERHARD,RICHYER,1956/08/28,2519,4289,R
HANS,ENGEL,1962/10/19,2642,4226,E
MICHAEL,SCHMIDT,1984/07/08,2683,930,S
MARKUS,MOELLER,1926/06/07,2701,4071,M
BERND,POHL,1992/01/22,2731,3680,P
MARTIN THOMAS,SCHUMEACHER,1985/12/29,2733,4438,S
WERNER,PFEIFFER,1975/06/04,2819,4451,P
HORCST MATTHIAS,SCHWARZ,1957/01/19,2836,4965,S
HELMUT,KRAUS,1995/02/28,2901,3517,K
JAZN,POHL,1999/01/03,2912,4956,P
MICHAEL,SCHNEIDER,1982/04/12,2914,1979,S
WILFRIED FRANK,SCHNEIDER,1959/03/92,2924,3209,S
UWBE,MUELLER,1937/11/28,2942,4760,M
KURMT,SCHNEIDER,1945/02/08,3012,2118,S
SVEN,HORN,1940/05/18,3029,4386,H
KLAUS,WOLF,1972/10/16,3052,752,W
WERNER,SCHMIDT,1953/06/24,3084,4516,S
OLAVF,MEYER,1939/07/28,3135,4452,M
KLAUS,SCHMIST,1969/12/25,3280,4683,S
STEFAN,KRAUSE WALTER,1954/02/20,3308,3218,K
GERHARD,MUELLER,2001/09/04,3336,3598,M
AXEML,KLEIN,1960/09/10,3371,979,K
JOHANNES,RICHTER,1963/07/14,3386,4624,R
GUENTHER,KOERTIG,1950/07/30,3389,4002,K
HELMUT,SCHMITZ,1936/04/24,3410,4494,S
CHRISTIAN,MOELLER,2002/07/11,3446,3697,M
HELMPUT,BERGER SCHAEFER,1964/07/31,3509,3052,B
ALEXANDER,SCHMITZ,1964/10/01,3546,3662,S
HARAJLD,FUCHS,1954/11/20,3584,2623,F
WERNERG,SCHMIDT,1975/11/21,3662,3513,S
STEFRAN,HEINRICH,1996/12/04,3673,4478,H
HORST,ENGEL,1944/11/03,3811,1968,E
OLIVER,SCHMITZ,2000/09/28,3886,3801,S
OLIVER,MUELLER,1949/08/19,3897,3286,M
BERND,SCHROEDER,1946/02/06,3912,1536,S
MATTYHIAS,MOELLER,1956/06/28,3942,1110,M
WOLFGANG,PFEIFFER,1924/08/11,3960,4234,P
KLAUS,FISCHER,1964/12/06,4013,4804,F
MARTIN,SCHROEDER,1928/09/29,4130,4653,S
MARCO,MEYER,1964/05/03,4150,1665,M
RENE,BERGER JUNG,1950/09/23,4211,3702,B
FRANK,RICHTER,1954/09/05,4233,2524,R
FRANK,PETERS,1990/06/01,4339,2980,P
MICHAEL,SCHAMIDT,1996/09/19,4341,4181,S
HORQST,GUENTHER,1965/01/08,4348,2315,G
MANFRED,MEYER,1949/08/27,4376,4591,M
PETER,KAISEP,1992/10/13,4395,3931,K
HORST FRIEDRICH,LANGE,1975/04/19,4399,3144,L
UWE,BECKER,1967/09/11,4496,2942,B
ELKE,NEUMANN,1943/05/06,4517,7286,N
MARIANNE,BECK,1949/08/22,4519,9595,B
ELISABHETH,NEUMANN,1932/02/09,4523,9239,N
PETRA,SCHUMACHER,1928/10/17,4527,8575,S
BIRGIT,ZIMMERMANN,1989/12/07,4545,7893,Z
JOHANNA,OTTO,1967/03/01,4562,7191,O
ELFRIEDSE,SCHULZ,1989/05/21,4582,7238,S
BARBARA,HOFFMANN,1942/06/01,4589,5626,H
PETRA,KRAUW,1984/12/13,4600,9375,K
ILSE,SCHOLZ,1949/07/21,4603,9011,S
LIESELOTTE,SCHNWIDER,1976/04/02,4619,9377,S
CHRISTA,GUENTHER,1975/06/27,4652,6032,G
CHRISTA,GUENTHER,1969/10/29,4707,9283,G
INGE,SCHMIDT,1993/08/13,4751,8233,S
GERTRUD,BECKER,1982/01/12,4773,9666,B
MANUELA,BUSCH,1970/03/05,4845,9836,B
CLAUDIA,DIERRICH,1974/03/08,4885,7882,D
URSULA,SCHULZ,1982/03/22,4904,9904,S
CLAUDIA,SCHROEDER,1989/08/31,4950,9848,S
MARGARETE,HOFFMANN,1964/03/26,4972,9178,H
ELISABIETH,MUELLER,1947/08/20,5005,9778,M
HELGA,BUSCH,2004/07/17,5024,8456,B
EDITH,WEGER,1944/03/31,5082,9464,W
URSULA,SCHNEIDER,1997/10/23,5089,7543,S
INGRID,HOFFMANN,1968/10/11,5093,9518,H
UTE,HERRMANN,1959/09/27,5126,6872,H
INGRID,SIMON,2007/02/17,5238,8385,S
RENASTE,OTTO,1943/08/29,5306,7866,O
INGEBORG,BECLER,2000/01/21,5342,7696,B
RENATE,BERGXER,1970/01/27,5344,9313,B
ANGELIKA,LANGE,1960/04/08,5347,7268,L
GABRIELE,KOCH,1490/05/02,5368,7649,K
ILSE,SCHUBERT,1935/08/14,5414,7717,S
IRMGARD,MAUER,1971/06/06,5430,9913,M
GISELA,SEIDEL,1985/03/22,5438,8061,S
RENATE,SCHNEIDER,1893/04/12,5451,6567,S
ELISGABETH,WEBER,1978/08/24,5480,8554,W
KARIN,SCHROEDER,1934/02/04,5495,8960,S
BRIGITTE IRMGARD,ZIMMERMANN,1954/12/10,5526,8834,Z
GISELA,SCHMITZ,1950/02/14,5597,9599,S
NICOLE,MEYER,1988/02/27,5598,8797,M
BRIGISTTE,WAGNER,1960/09/14,5606,9045,W
PETRA,BAUER,1969/07/08,5657,7736,B
PETRA,PETERS,1953/05/26,5679,9229,P
SIGRID,MEYER,1966/05/10,5684,7887,M
MONIKA,SCHAEOER,1934/03/21,5747,6759,S
EDITH,MUELLER,2007/10/26,5765,7361,M
GISELA,WEBER,1979/12/25,5813,8566,W
SABINE KARIN,WEBER,1959/11/14,5841,8179,W
RENATE,SCHWARZ,1962/12/28,5859,9570,S
ANDREA,KLCIN,1944/01/28,5930,7362,K
ANNA,SCHMIDT,1949/01/03,5975,8828,S
ILSE ANNA,SCHUMACHER,1958/12/25,5990,9303,S
GERTRUD,OTTO,1939/03/10,6022,9404,O
HELGA,SCHROEDER,1949/01/05,6023,7695,S
CHRISTINE,LUDWIG,1950/06/25,6027,9066,L
KATHARINA,MUELLER,1968/03/20,6051,8926,M
INGRID,MAYDR,1955/12/04,6107,9796,M
GISELA,KOEHLER,1995/10/01,6137,8833,K
NADINE,JUNB,2007/11/04,6146,8605,J
SABINE,WIKLER,1941/02/11,6153,9800,W
ANGELIKA,SCHULZ,1947/07/24,6177,6768,S
GISIELA,KOCH,1939/01/07,6183,7388,K
KARIN,MEOER,1939/04/28,6203,7170,M
TANJA,SCHMIDT,1976/12/23,6224,7508,S
ANDREA,SCHULZE,1973/10/28,6292,9097,S
MARIA,FUCHN,1929/12/12,6297,6662,F
KARIN,SCHAEFER,1932/02/25,6361,6946,S
MONIKKA,SCHAEFER,1977/05/17,6383,9608,S
JUTTA,SCHNEIDER,2001/08/29,6409,9999,S
URSGULA RENATE,SCHROEDER,1956/02/22,6412,7979,S
BARBARA,SCHUHERT,2004/08/06,6419,9428,S
BAERBCEL,WERNER,1930/06/22,6426,7604,W
HELGVA KATHARINA,KLEIN,1951/04/18,6474,9299,K
HEIKE,BERGER,1963/07/13,6600,8742,B
URSULA,SCHUBERT,1958/04/16,6627,7323,S
GISELA,HOFFMANN,2004/02/23,6635,9957,H
SABINE,LANGE,1953/01/05,6639,9389,L
SABINE,BECKER,1968/05/01,6679,8679,B
GERTRUD,MYAER,1952/02/27,6685,8753,M
INGE,MAIDR,2006/12/18,6706,8176,M
URSULA,LORENZ,1957/12/20,6717,8707,L
SUSANNE,OTTO,1764/10/14,6757,7563,O
HELYGA,KRAUSE,1971/12/22,6783,8012,K
SABIINE,FISCHER,1965/01/12,6822,8222,F
CHRISTINE,SCHWARZ,1930/05/31,6841,9328,S
MARGARETE,SCHWARZ,1997/03/17,6877,8082,S
GERTRUD,KUHN,1960/03/09,6889,9821,K
SUSANNE,RICHTER,1998/06/23,6900,8634,R
HELGAE,SCHNEIDER,1993/06/25,6917,8671,S
HANNELORE,MEYER,1939/11/27,6956,9460,M
JOHANNA,SAUER NEUMANN,1969/11/05,6976,7167,S
INGE,WOLF,1973/12/05,7002,8150,W
INGRID HELGA,KRAUSE,2009/04/20,7014,9208,K
HILDEGARD,MECER,1937/09/06,7093,8259,M
KARIN,KRUS,1953/02/02,7121,6129,K
KATHRYIN,SCHMIDT,1964/10/20,7166,8800,S
MARIHA,LEHMANN,1945/04/17,7175,8364,L
ELKE,NEUMANN,1992/03/17,7252,7350,N
INGRID,SCHMITZ,1970/02/24,7307,9237,S
PETRA,ENGEL,1938/07/06,7375,9602,E
KARIN BIRHIT,KELLER,1941/02/28,7394,7180,K
MONIKA,MUELLEF,1950/11/15,7408,8338,M
ELKE,WEBER,1949/04/11,7479,7799,W
ERIKA,SEIDEL,1975/03/24,7480,8507,S
KATHHRIN,MEIER,1932/06/28,7540,9623,M
STEFANIE,HAAS,1982/02/17,7542,9423,H
ANDREA KARIN,KOH,1980/12/05,7576,9278,K
GERTRUD,MUELLER,1964/07/11,7616,8567,M
CHRISTINE,MUELLER,1937/07/18,7619,7580,M
ERIKA,WEISS,2007/09/14,7622,8152,W
HANNELORE,SCHUTSER,1970/05/08,7636,9630,S
BARBARA,MAYERB,1971/05/04,7643,9155,M
MARION,STEIN,1989/07/18,7698,7295,S
ERIKA ERIKA,NEUMANN,1975/07/03,7722,9315,N
MARION,SCHULZ,2004/06/24,7802,8050,S
SUSANNE,FRANK,1939/05/13,7810,6700,F
ILSE,VIIGT,1958/08/03,7841,7911,V
ANJA,ENGEL,1970/10/16,7863,9887,E
HELMGA,SCHMITZ,1970/01/08,7984,8760,S
ELFRIEDE,SCHMIDT,1941/09/05,8030,7871,S
FRIEDA,RICHTER,1979/07/31,8050,7519,R
WALTRAKUD,SCHULZ,1991/02/02,8110,8282,S
PETRA,KAISER,1999/05/30,8124,9586,K
ANDREA SUSANNE,WEISS,1944/05/26,8130,9269,W
MARIA,LANG,1939/04/17,8161,8293,L
INGEBORG,SCHULZ,1956/10/05,8164,9616,S
BIRGIT,MEYER,1924/06/06,8167,9862,M
CLAUDIA,BECKER,1997/07/05,8216,9495,B
SABINE,KAISER,1937/12/26,8290,9082,K
ANJA,FISCHER,1980/07/31,8339,9077,F
ANNA,FRANK,1962/08/17,8375,9714,F
STEFANIE,KRAUSE,1972/03/24,8425,8363,K
HELGA,RICHTER,1988/02/03,8431,8950,R
NICOLE,FRANJE,1931/04/26,8444,8450,F
HELGA,WINKLER,1959/03/23,8452,9648,W
ANGELA,SCHULZ,1973/04/12,8508,9332,S
ILSE,SOMMER,1938/07/04,8516,8249,S
HELGA,LEHQANN,1971/03/05,8527,6108,L
CHRISTEL,SCHROEDER,1965/09/01,8560,8841,S
URSUELA,KRAUSE,1973/02/24,8629,7867,K
HELGA,GUENTHER,1953/01/11,8637,9734,G
INGRID,BAUER,1997/07/13,8644,9167,B
GISELA,WOLX,1947/03/14,8751,6488,W
IRMGARD,WEBER,1970/01/01,8768,9057,W
EDITH,OTTO,1973/19/14,8777,9864,O
HELGA,HOFFMANN,1964/05/17,8794,7020,H
SABINE,ZIEGLER,1989/11/03,8800,7993,Z
URSULA,SCHNEIDER,1982/06/03,8804,9038,S
CHRISTA,SCHUBERT,1928/04/19,8830,8741,S
WALTRAUD,HERRMANN,1992/12/17,8839,9857,H
BIRGIT,BAUER,1964/04/12,8856,9257,B
MARION,BRANDT,1946/06/23,8858,7722,B
ELKE,MAIER,2002/08/05,8877,9930,M
ILSE,KOEHLER,1947/11/28,8891,5350,K
ANNA,FRANKE,1992/12/14,8912,7215,F
JUTTAY,SOMMER,2004/05/24,8934,9449,S
DAGMAR,SCHROEDER,1991/04/07,8973,7849,S
GUENTHER,PFEIFFER,1995/08/08,2,4253,P
WOLFGANG HORST,MUELLER,1987/11/01,15,3375,M
OLIVER,STEIN,1964/08/03,60,4410,S
UWE,MEYER,1961/10/20,73,4977,M
CHRISTOPH,SCHUSTER,1960/05/12,79,1207,S
ANDREAS,MUELLER,1988/04/07,112,4134,M
JAN,WAGNER,1977/08/07,122,4444,W
ROLF,STEIN,1953/06/23,134,2248,S
JUERGEN,SCHMITZ,2003/01/20,135,1674,S
MARTIN,SCHUBERT,1948/11/20,144,178,S
MATTHIAS,KUEHN,2003/07/04,152,585,K
MARTIN,BUSCH,1956/03/20,162,2172,B
HEINRICH,BAUER,1967/07/12,179,1167,B
RAINER,SCHULZE,1978/01/12,187,2474,S
HORST,SCHUBERT,1927/04/14,198,3092,S
RAINER,FISCHER,1962/04/30,203,3392,F
STEFAN,NEUMANN,1973/12/28,224,2071,N
CHRISTIAN,MEYER,1997/06/07,241,3187,M
PETER,SCHOLZ,1957/03/20,258,3864,S
PETER,ALBRECHT,1968/06/01,259,2652,A
WOLFGANG,ENGEL,2007/12/19,263,3164,E
MATTHIAS,MAYER,1967/02/05,280,181,M
WERNER,LORENZ,1956/04/08,302,2879,L
MANFRED,KRAUSE,1997/08/12,313,1961,K
HANS,SCHMITT,1945/08/14,329,4,S
SVEN,KRUEGER,1992/01/22,338,240,K
JOACHIM,ENGEL,1948/06/18,397,404,E
HORST,ENGEL,2001/06/29,406,943,E
KLAUS,WOLF,1963/04/22,424,1892,W
ANDREAS,WEBER,1951/11/04,429,1165,W
THORSTEVN,MUELLER,1951/03/28,438,2261,M
RAINER,VOGEL,2001/06/19,471,2017,V
DIETER,SCHMIDT,2006/06/22,490,1991,S
GERHARD,WAGNER,1977/01/12,501,3524,W
CHRISTIAN,PETERS,1940/01/11,517,2606,P
MARKUS JOERG,NEUMANN,1960/10/13,546,2632,N
MARTIN,SCHMID,1965/10/19,569,4291,S
WOLFGANG,SCHMITZ,1969/07/05,582,3273,S
STEFAN,NEUMANN,1983/11/22,586,1205,N
CHRISTIAN,FRANK,1970/11/18,606,2601,F
STEFAN,MUELLER,1959/01/07,613,3349,M
KLAUS,BECKER,1946/10/09,621,4164,B
FRANK,SCHMIDT,1998/09/24,625,3282,S
WERNER,FRANKE,1977/04/12,638,3597,F
HERMANN,KOERTIG,1970/02/15,641,4605,K
GERD,LEHMANN,2007/10/10,656,4406,L
JUERGEQN,MUELLER,1964/05/24,663,929,M
JAN,SCHULZE,2008/10/03,668,3306,S
WOLFGANG,MAYER,2001/06/05,716,2501,M
OLIVER,KRAUSE,1993/10/21,746,290,K
ROLF WOLFGANG,HARTMANN,1938/11/14,754,3637,H
MATTHIAS,MUELLER,1993/07/25,776,4899,M
HERMANN,KOCH,1925/07/07,797,462,K
MICHAEL,KELLER,1984/08/05,834,163,K
WALTER,MUELLER,1993/01/01,835,1370,M
DANIEL,WINTER,1955/10/20,853,4057,W
HELMUT JENS,SCHUBERT,1967/05/12,879,656,S
JOERG,SEIDEL,1980/08/11,885,760,S
DIETER,KUEHN,1977/09/11,887,1494,K
MARTIN,SCHNEIDER,1971/07/12,890,2491,S
ANDREAS,MUELLER,1955/02/16,891,1677,M
HORST,BECK,1967/07/08,902,1999,B
GUENTHER,KUHN,1982/11/07,904,847,K
JUERGEN,RICHTER,1965/12/08,917,4063,R
GERHARD,WOLF,2007/01/21,927,4325,W
RENE,GUENTHER,1973/07/26,948,3674,G
MARTIN,HAHN,2008/07/28,953,844,H
ANDREAS,KUEHN,1984/05/19,956,2549,K
ANDREAS,SCHMIDT,1980/07/28,971,4194,S
HANS,SCHAEFER,1929/07/03,1003,932,S
GERHARD,SCHULZE,1946/09/20,1007,1023,S
FRANK,FRANKE,1924/01/04,1013,3239,F
PETER,HOFWANN,1925/03/21,1038,3012,H
CARSTEN,ZIMMERMANN,1989/10/28,1055,3743,Z
GERHARD,SCHULZ,1973/06/23,1056,3065,S
JOERG,KRAUSE,1984/04/11,1063,205,K
GERHARD,VOGEL,1944/07/08,1101,2536,V
KLAUS,SEIDEL,1992/05/05,1104,864,S
HORSTX,MUELLER,1991/09/07,1112,38,M
ALFRED JAN,SCHULZ,1972/12/06,1115,3681,S
DIETER,KRAUSE,1962/06/16,1120,4353,K
PETEAR,LORENZ,1961/09/06,1148,1040,L
MICHCAEL,GRAF,1964/12/13,1179,1449,G
WERNER,BECKDR,1939/03/15,1196,3840,B
THOMAS,KRAUSE,1958/08/18,1198,2402,K
MATTHIAS,FRANK,1959/07/21,1217,4277,F
OTTO,MUELLER,1988/11/27,1242,3893,M
ANDREAS,SCHAEFER,1954/07/30,1267,2943,S
WALTER,ROTH,1974/05/30,1281,2824,R
ANDREAS,WEBER,1947/03/19,1283,1599,W
FRANK,LEHMANN,1951/08/18,1284,226,L
FRANK,SCHULZE,1944/06/13,1288,3348,S
UWE,KRUEGER,1950/04/28,1292,4608,K
CHRISTIAN,NEUMANN,1986/01/21,1294,1873,N
CHRISTIAN,KOCH,1950/12/09,1338,3861,K
JUERGEN,KRUEGER,1961/03/28,1341,2912,K
MARK,HOFFMANN,1978/11/12,1349,2400,H
WERNER,MUELLER,1955/08/06,1380,2864,M
HORST,SCHWARZ,1950/05/17,1414,1825,S
WILHELM JAN,LORENZ,1959/09/06,1420,1774,L
LARS,SCHULZ,1951/09/14,1422,1157,S
GERHARD,MEYER,1948/10/24,1430,1784,M
MARCO,PFEIFFER,1942/06/07,1450,3567,P
HEINZ,WINKLER,1965/12/07,1478,1867,W
ANDREAS,MUELLER,1953/11/19,1500,3252,M
KLAUS,BERGER,1976/01/11,1514,1359,B
GERHARD,MUELLER,1959/10/01,1519,4607,M
STEFAN,SCHMIDT,1975/07/19,1530,707,S
KARL,KRAUS,1926/04/09,1557,3890,K
JOERG,SCHROEDER,1955/09/25,1579,58,S
PETER,BECKER,1930/01/30,1591,2702,B
TOBIAS,WINTER,1925/03/20,1624,1929,W
ANDREAS,ZIMMERMANN,1928/01/19,1627,3264,Z
ROBERT,SCHROEDER,2001/12/64,1632,243,S
JENS,SCHNEIDER,1938/03/29,1659,3398,S
GERHARD,FUCHS,1925/04/28,1666,3483,F
CHRISTIAN,HAHN,1965/06/02,1667,3859,H
WALTER JUERGEN,MEIER,1993/09/26,1674,3048,M
GERHARD,HOFFMANN,1960/08/25,1678,483,H
KLAUS,STEIN,1978/08/02,1681,1102,S
DIETER,SCHMIDT,1982/10/01,1700,1383,S
HELMUT,BECKER,1994/08/13,1704,1412,B
OTTO,KRAUSE,1958/09/08,1705,4820,K
MANFRED,KELLER,1967/07/29,1724,569,K
PETER,SCHNEIDER,1928/05/08,1737,2113,S
THOMAS,SCHMIDT,1965/02/05,1763,3954,S
KURT,FRIEDRICH,1967/06/20,1764,449,F
RAINER,WEBER,1995/03/22,1781,470,W
ROLF JOERG,HUBER,1991/08/15,1787,3396,H
JOERG,WEBER,1959/06/28,1799,1756,W
STEFAN,SCHULTE,1979/01/08,1801,2887,S
GUENTHER,SCHMIDT,1953/06/21,1807,3432,S
FRITZ,SCHUBERT,1970/03/17,1819,4821,S
MICHAEL,SCHMITT,2004/04/14,1826,4007,S
MAIK,WOLFF,1978/04/26,1832,3410,W
HELMUT,NEUMANN,1987/08/07,1841,4588,N
ANDREAS,GROSS SCHNEIDER,2005/11/30,1843,4897,G
JUERGEN ALEXANDER,MUELLER,1980/04/06,1847,2590,M
GUENTHER,KOCH,1954/01/26,1850,620,K
PETER,SCHULZ,1985/09/13,1855,3663,S
CHRISTIAN,HOFMANN,1982/07/19,1858,4303,H
ANDREAS,RICHTER,1956/05/05,1873,3911,R
MANFRED,HOFMANN,1973/04/25,1880,4333,H
NORBERT,HEINRICH,1963/11/09,1882,840,H
JENS,DIETRICH,1938/12/22,1893,4245,D
ERWIN,FRANKE,1960/07/15,1896,2526,F
KLAUS,BECKGR,1966/11/02,1927,1072,B
HELMUT,SCHNEIDER,1939/01/20,1928,292,S
CHRISTIAN,MAIER,1942/02/02,1968,3261,M
STEFAN,GUENTHER,1926/04/28,2028,3227,G
JUERGEN,WOLFF,1939/07/24,2039,322,W
PETER,MUELLER,1950/04/02,2048,336,M
KARL,WEBER,2000/05/02,2073,1330,W
DANIEL,MAYER FISCHER,2003/12/15,2086,4948,M
PETER,WAGNER,2002/04/21,2089,2816,W
MARTIN,BERGMANN,1992/08/30,2101,4330,B
DIETER,HARTMNN,1965/11/08,2120,1941,H
MARCO,LEHMANN,1944/07/16,2121,885,L
KARL,THOMAS,1943/03/08,2124,2675,T
HANS,SCHNEIDER,1976/02/13,2147,4625,S
CARSTEN,POHW,1930/03/14,2162,1806,P
THOMAS,SCHAEFER,1978/05/19,2171,3874,S
WOLFGANG,WAGMER,1971/05/06,2187,4565,W
THORSTEN,MEYER,1932/10/15,2250,1015,M
GUENTHER,MEYER,1978/05/17,2258,156,M
CHRISTIAN,FISCHER,1999/12/21,2273,3378,F
RAINER,VOGEL,2003/11/17,2274,535,V
GUENTHER KURT,LANGE,1986/01/07,2280,463,L
FRANK,SCHNEIDER,1967/10/25,2311,619,S
PAUL,THOMAS,1939/09/12,2329,3435,T
HARALD,SCHAEFER,1986/01/28,2345,3154,S
ANDREAS,HARTMANN,1971/02/07,2407,1296,H
STEFAN,WEBER,1972/10/04,2424,3377,W
OLANF,GROSS,1997/03/12,2426,3708,G
OLIVER,KOCH,1954/01/20,2468,1107,K
BERNHARD,SCHOLZ,1938/10/03,2492,4486,S
STEFAN,PETERS,1999/05/14,2495,347,P
STEFAN,BAUMANN,1999/08/30,2501,4355,B
GUENTHER,MUELLER,1993/11/19,2510,1295,M
DETLEF,WOLF,1979/07/03,2513,1353,W
BERND,MUELLER,1998/12/30,2529,1210,M
KARL,SCHMIDT,1961/11/21,2564,4511,S
MARTIN,WEBER,1990/03/28,2577,3046,W
ANDREAS,LANG,1931/08/14,2600,2525,L
PETER,GROSS,1980/04/21,2685,247,G
SVEN,KRUEGER,1988/01/12,2687,1819,K
THOMAS,SOMMER,1986/09/05,2692,37,S
THOMAS,MUELLER,1966/10/20,2694,775,M
BERND,SCHMIDT,1986/06/20,2713,3644,S
DIETER MATTHIAS,MEYER,1983/10/13,2738,3076,M
ANDREAS,MEYER,1963/09/04,2767,4175,M
ROLF WOLFGANG,KRAUSE,1955/12/21,2781,136,K
OLIVER VOLKER,HORN,1986/03/08,2787,2188,H
GUENTHER,SIMON,1965/02/06,2822,3022,S
HOLGER,HAHN OTTO,1965/07/20,2841,4807,H
DIETER,SCHWARZ,1968/12/02,2863,2031,S
WOLFGANG,WOLF,1972/07/11,2882,3575,W
CARSTEN,HERRMANN,1962/11/08,2894,1218,H
MARKUS,VOGEL,1962/03/09,2900,4799,V
GERHARD,WALTER,1979/12/03,2903,222,W
WERNER,HOFFMANN,1964/11/17,2911,4524,H
MICHAEL,HERRMANN,1997/11/18,2920,1757,H
WERNER,FISCHER,1960/06/21,2954,1982,F
ANDREAS,HOFMANN,1979/02/19,2971,2985,H
UWE,HARTMANN,2001/10/22,3007,3997,H
WOLFGANG,ZIMMERMANN,1936/04/22,3010,1246,Z
JUERGEN,SCHMID,1962/12/11,3011,2276,S
FRANK,MEYER,1974/05/06,3031,2148,M
WILLI,OTTO,2004/10/28,3040,3829,O
JUERGEN,SIMON,1971/04/24,3059,2249,S
JOERG,SCHULZ,1976/02/04,3079,4721,S
JENS,KRUEGER,1982/06/25,3080,4172,K
THORSTEN OLIVER,SCHULZ,1983/09/20,3082,557,S
STEFAND JENS,MUELLER,1938/03/26,3113,1735,M
CHRISTIAN,WEBER,1996/05/29,3115,2996,W
MARTIN,SCHMITZ,1940/06/30,3129,2080,S
STEFAN,RICHTER,1946/03/22,3146,4269,R
MANFRED,SCHMITT,1931/07/15,3158,232,S
THORSTEN,MAYER,1964/12/17,3168,1621,M
MARCEL,MEYER,1961/12/22,3178,1294,M
WERNER,SIMON,1963/05/14,3183,2721,S
KLAUS,WALTER,2001/02/24,3196,938,W
PETER,BAUMANN,1936/07/04,3223,1745,B
MATTHIAS,SCHULZE,1983/09/02,3238,1614,S
KLAUS,WAGNER,1968/05/14,3248,923,W
NILS,BECK,2001/03/29,3277,594,B
FRANK,KOCH,1972/07/05,3287,691,K
FRANK,WEBER,1940/08/19,3294,3772,W
CHRISTIAN,KOCH,1992/01/09,3322,4957,K
DIETER,SCHUMACHER,1989/04/15,3324,2545,S
THOMAS,RICHTER,1954/11/11,3348,4143,R
JUERGEN,ZIMMERMANN,1975/10/20,3350,4329,Z
MICHAEL,SCHAEFER,1953/05/04,3361,3574,S
KARL,FRIEDRICH,1951/12/08,3366,998,F
CHRISTIAN,WEISS,1932/04/25,3405,3814,W
GUENTHER,KELLER,1966/03/12,3416,2068,K
OLIVER,RICHTER,1961/08/23,3431,1981,R
MICHAEL,FRIEDRICH,1931/06/21,3433,4339,F
ANDIREAS,SCHNEIDER,1995/07/24,3443,3691,S
RALF WILHELM,SCHOLZ,1969/06/13,3451,2571,S
FRANK,HAAS,1957/03/09,3452,362,H
JUERGEN,SCHMIDT,1969/08/31,3459,1761,S
CHRISTIAN,BAUER,1992/07/30,3475,1501,B
MICHAEL,HERRMANN,2006/07/17,3477,390,H
HEINZ,SCHMIDT SCHULZ,2004/10/07,3478,4038,S
SVEN,SCHMITT,1968/12/14,3479,598,S
RALF,BAUEE,1964/02/16,3487,2828,B
HANS,VOGEL,1997/07/15,3497,2622,V
MAIK,MUELLER,1977/02/13,3518,4641,M
KURT,BRANDT,1987/02/12,3529,3258,B
SVEN,MUELLER,1987/04/15,3547,3390,M
MARTIN,WINKLER,1959/02/24,3556,4242,W
THOMAS,SCHULZE,1958/06/26,3573,2378,S
ALEXANDER,ENGEL,1969/10/25,3582,3735,E
THOMAS,WINKLER,1949/07/28,3583,558,W
STEFAN,BAUER,2004/12/19,3585,327,B
MICHAEL,BECKER,1942/03/26,3598,200,B
CARSTPEN,WERNER,1953/05/06,3621,1257,W
GUENTUHER,MUELLER,2003/09/02,3640,2120,M
ANDREAS,KRUEGER,1967/13/10,3649,323,K
WERNER,SCHMIDT,1975/11/21,3662,3084,S
ANDRUEAS RALF,KOEHLER,1958/07/29,3691,2416,K
HELMUT,BRAUN,1960/11/03,3706,4587,B
PETER,KELLER,2008/08/07,3714,4416,K
JUERGEN,BERGMANN,1960/06/26,3767,2852,B
UWE,NEUMANN,1947/05/19,3785,3279,N
WOLFGANG,GUENTHER,1959/07/09,3813,2823,G
MANFRED,SIMON,1995/10/09,3829,2820,S
CHRISTIAN,BECK,1967/10/03,3851,36,B
MANFRED,MUELLER,1937/10/24,3874,1720,M
GUENTHER,WALTER,1973/07/08,3877,978,W
OLIVERH,SCHMITZ,2000/09/28,3886,1439,S
THOMAS,BERGMANN,1975/12/31,3910,3718,B
BERND,MAIER,1998/08/20,3914,34,M
GUENTHER,WALTER,1956/03/11,3930,712,W
RALF,LORENZ,1983/03/14,3939,3030,L
GERHARD,PETERS,1984/08/16,3968,3303,P
MICHAEL,MUELLOR,2006/09/10,3973,3832,M
DIETER,SCHULZ,1961/06/10,4017,4571,S
ALEXANDER HOLGER,KUHN,1961/06/06,4060,1030,K
PAUL,HARTMANN,1963/06/14,4078,3039,H
ANDREAS KARL,HOFMANN,1954/12/19,4089,4139,H
JUERGEN,HOFFMANN,1986/11/25,4091,2224,H
PETER,SCHAEFER,1957/09/23,4120,3281,S
ULRICH,KOCH,1982/10/05,4128,2382,K
MANFRED,MEYER,1967/03/25,4129,3841,M
WERNER,MEIER,1949/04/24,4132,4467,M
THOMAS,SCHMIDT,1966/11/11,4135,3041,S
WERNER,ZIEGLER,1966/08/04,4145,614,Z
RAINER,MUEGLLER,1961/07/06,4149,221,M
RAINER,MUELLER,1961/07/06,4149,1493,M
UWE,GUENTHER,1948/02/15,4188,3970,G
DANIEL,MEIER,1950/01/04,4194,3885,M
GUENTHER,SCHULZ,1987/02/21,4255,4491,S
MANFRED,MEYER,1972/06/13,4256,403,M
CHRISTIAN,BECKER,1998/10/06,4262,1118,B
ERNST,SCHUBERT,1925/01/30,4280,3268,S
THORSTEN,SCHWARZ,1989/06/30,4291,1938,S
JAN,SCHMIDT,1945/06/26,4307,1301,S
GERHARD,ZIMMERMANN,1999/02/15,4337,4959,Z
UWE,JAEGER,1982/04/08,4342,3800,J
WALTER,SCHMID,1963/03/17,4354,1951,S
ANDREAS,SCHULTE,1962/02/18,4359,251,S
FRANK,WOLF,1963/06/05,4363,1473,W
HORST CHRISTIAN,BERGMANN,2003/02/20,4364,2581,B
KLAUS,BECK,1962/12/09,4372,1963,B
RALF,BRAUN,1943/10/20,4373,490,B
HEINZ,KUHN,1950/04/07,4382,680,K
WILLI,GROSS,1969/05/30,4386,1032,G
THOMAS,BERGER,1977/07/06,4396,4729,B
HORST FRIEDRICH,LAMGE,1975/04/19,4399,1838,L
ANDRE,SCHNEIDER,1934/04/11,4418,310,S
FRANK,KRAUS,1966/05/26,4428,96,K
BERND,LANGE,1995/06/25,4443,3353,L
MICHAEL,WALTER,1967/02/06,4462,3808,W
SUSANNE,MUELLER,1945/03/08,4507,8253,M
HEIKE PETRA,HAAS,1956/01/31,4524,9177,H
HEIKE,MOELLER,1969/06/12,4546,9073,M
ANGELIKA,GRAF,1941/04/24,4554,6604,G
INGE,HAAS,1940/12/19,4555,9597,H
ERNA,KELLER,1962/02/12,4576,9465,K
PETRA,SCHWARZ,1973/05/29,4597,9270,S
RENATE ANNA,MARTIN,1986/07/02,4616,7668,M
CHRISTA,GUENTHER,1975/04/27,4652,5341,G
URSULA,SCHMITT,1928/03/06,4661,6407,S
SABINEQ,MAYER,1962/04/29,4698,9670,M
MARTINA,BAUMANN,1949/07/28,4709,8851,B
ANNA,KOEHLER,1937/03/18,4718,8005,K
CHRISTINE,BECK,1949/11/01,4726,5153,B
SABINE,SEIDEL,1958/06/23,4736,7262,S
BAERBEL,WALTER,1966/06/14,4737,5845,W
SABINE,VOGT,1968/11/06,4738,7321,V
BRIGITTE,MAIER,1950/08/15,4764,8145,M
CLAUDIA,KOERTIG,1954/11/27,4769,9992,K
MARTHA,MOELLER,1989/01/29,4785,8357,M
RENATE,HOFMANN,1973/02/05,4820,7140,H
CHRISTA,ALBRECHT,1989/11/06,4825,6677,A
MARTINA,HARTMANN,1963/07/10,4835,6790,H
HEIKE,LANGE,1928/04/24,4846,7411,L
CHRISTIANE,SCHMIDT,1982/02/05,4848,7212,S
MARTINA,MUELLER,1954/07/10,4892,6724,M
HEIKE,KRAUS,1968/03/05,4896,6240,K
STEFANIE,FISCHER,1963/12/04,4912,8578,F
URSULA,WAGNER,1949/07/07,4914,8921,W
MARTHA,KRAUS,1980/01/11,4943,7229,K
CHRISTA INGRID,GUENTHER,1981/04/03,4947,7674,G
MARIA,LANGE,1965/09/04,4961,7136,L
INGRID,SCHMITT,1931/01/04,4975,6327,S
CLAUDIA HERTHA,GROSS,1937/09/09,5003,6642,G
CHRISTA,WEISS,1992/12/03,5031,8619,W
BIRGIT,MUELLER,1998/04/19,5042,7992,M
UTE,JAEGER,1975/11/10,5058,7704,J
UTE ANDREA,BECKER,1938/04/30,5062,6516,B
GERDA,ROTH,1997/06/12,5068,9254,R
GABRIELE,MEYER,1936/01/26,5076,5173,M
GISELA,SCHNEIDER,1943/05/07,5097,8204,S
CHARLOTTE,SCHNEIDER,1930/11/29,5132,9523,S
MARIA,BERGMANN,1941/04/24,5135,6422,B
GISELA,MEIER,1976/06/25,5140,9548,M
URSULA,KOEHLER,1936/05/18,5143,6047,K
ANDREA,BERGER,1960/06/19,5150,7837,B
MARTINA,ENGEL,1954/02/25,5181,7271,E
SUSANNE,WALTER,1975/11/07,5183,7335,W
SABINE,BAUER,2002/07/13,5201,7306,B
HELGA,SIMON,2001/04/06,5209,6445,S
HILDEGARD,SCHNEIDER,1973/03/03,5229,5256,S
ILSE,RICHTER,1976/12/28,5232,6788,R
ANGELA,SCHMITT,1948/05/30,5233,9370,S
KARIN,WOLFF,1963/12/25,5246,7919,W
URSULA,LEHMANN,1967/10/31,5277,6173,L
MARIA,SCHULZE,1949/04/03,5289,6026,S
SABINE,KLEIN,1940/03/09,5311,9945,K
BRIGITTE,SCHNEIDER,1948/08/28,5366,8861,S
HEIKE,WAGNER,1930/09/12,5390,6633,W
MONIKA,MUELLER,1986/06/01,5404,6858,M
ILSE,SCHUERT,1935/08/14,5414,5141,S
CHRISTA,ROTH,2000/10/26,5418,7071,R
MARGARETE,BRAUN,1989/09/06,5427,6117,B
GERTRUD,FISCHER,1967/02/09,5428,7663,F
ELKE,LANGE,1996/04/19,5440,8435,L
ANJA,SCHNEIDER,1949/06/30,5468,6926,S
CHRISTA,MUELLER,2008/05/07,5471,6151,M
ANNA,KRAEMER,2006/12/07,5473,9215,K
UTE,SCHMIDT,1941/02/06,5487,7452,S
CHRISTA,LANGE,1934/05/14,5524,9238,L
BRIGITETE IRMGARD,ZIMMERMANN,1954/12/10,5526,5930,Z
ERIKA,SEIDEL,1953/01/15,5545,7395,S
BARBARA,SCHMIDT,1956/08/09,5550,7990,S
SANDRA,JAEGER,2003/09/07,5555,5947,J
INGRID,LEHMANN,1936/03/03,5568,7650,L
PETRA,HAAS,1953/02/24,5570,7495,H
MARION,BAUER,1962/04/27,5574,7061,B
KARIN,HOFFMANN,1989/04/03,5575,6792,H
KATHRIN,SCHAEFER,1951/01/22,5577,5495,S
RENATE,SCHMITZ,1960/01/09,5584,5940,S
BRIGITTE,BERGER,1994/11/12,5586,5327,B
ANGELIKA,FRANK,1954/03/10,5596,8766,F
SUSANNE KERSTIN,WOLF,1948/09/24,5605,6953,W
BIRGIT,SCHULZ,1948/01/30,5611,8004,S
CHRISTA,WOLFF,1990/06/14,5618,6130,W
CHRISTA,WOLFZF,1990/06/14,5618,9400,W
UTE,MOELLER,1997/12/20,5640,8356,M
KARIN,HUBER,1924/07/04,5653,9036,H
SIGRID,MEYER,1954/05/10,5684,6464,M
EDITH,LEHMANN,1953/01/19,5692,6257,L
BIRGDIT,VOGEL,1961/08/14,5696,6315,V
MARIANNE,WALTER,1948/10/17,5712,9346,W
GABRIELE,SCHUSTER,1943/11/21,5715,6371,S
ELISABETH,FRIEDRICH,1982/10/26,5733,6891,F
URSULA,SCHAEFER,1941/03/02,5735,5821,S
CHRISTA,FISCHER,1999/03/26,5738,9987,F
BRIKTTA,MEYER,1945/02/02,5759,6566,M
KATHRIN,FISCHER,1958/02/02,5762,7374,F
HELGA,KRAUSE,1957/05/07,5804,9813,K
BIRGIT,STEIN,1970/10/28,5807,7823,S
CHRISTIANE,SCHMID,1982/09/09,5809,9470,S
ANKE,FUCHS,2008/10/31,5832,7487,F
RENATE,LORENZ,1935/06/29,5849,6555,L
PETRA,FRIEDRICH,1960/09/17,5860,9840,F
RENATE,SCHULZ,1973/11/19,5864,5399,S
ANNA,SIMON,1973/11/09,5911,6973,S
ELISABETH,BECKER,1989/01/08,5918,8303,B
STEFANIE,KRUEGER,1961/08/27,5947,9780,K
BIRGIT,MEIER,1941/06/08,5955,5643,M
CHRISTINA,WEBER,1998/07/01,5962,8915,W
BRIGITTE,SCHMIDT,1982/10/29,5988,7570,S
BRIGIWTTE,SCHMIDT,1982/10/29,5988,9652,S
CHRISTDINE,LUDWIG,1950/06/25,6027,8829,L
PETRA,FRIEDRICH,1951/07/08,6029,6901,F
KATHARINA,MOELLER,1987/01/14,6055,5427,M
GISELA,SCHACFER,1958/02/28,6076,6518,S
MARTHA,KOCH,1925/11/05,6079,9028,K
NICOLE,BRANDT,1960/04/15,6080,6463,B
HELGA,ALBRECHT,1981/05/23,6089,5051,A
HEIKE ANDREA,HAAS,1953/02/01,6118,6442,H
ERIKA,MUELLER,2007/04/03,6121,5066,M
ANDREA,BRAUN,1969/11/11,6133,5566,B
BIRGIT SUSANNE,LANG,1982/05/06,6134,6900,L
CHRISTINE,WAGNER,1928/11/08,6143,7646,W
ANGELA,SCHUBERT,1972/05/12,6199,9339,S
SANDRA,HERRMANN,1951/10/10,6202,5437,H
MONIKA RENATE,SCHREUBER,1941/02/22,6207,9191,S
MARIANNE,LORENZ,1952/01/19,6218,6110,L
KATHRIN,VOIGT,2006/10/22,6220,9127,V
MARGARETE,MUELLER,1967/08/15,6230,5937,M
BAERBEL,BERGER,1973/01/22,6239,5363,B
CHRISTA,KRUEGER,1966/09/08,6240,9698,K
ANNA,MEYER,1982/07/25,6243,8438,M
KERSTIN,SCHNEIDER,1943/02/01,6244,6450,S
RENATE,VOGT,1996/01/01,6246,5895,V
KARIN,BRANDT,1970/06/20,6251,6434,B
INGRID,MEYER,1940/08/15,6273,6303,M
ANNA,GRAF,1946/04/28,6289,6863,G
CHRISTIANE,KUHN,1982/12/13,6343,6469,K
INGRID,KLEIN,1945/10/14,6352,6942,K
SUSANNE,WINTER,1955/08/06,6353,7464,W
SABINE,SCHMITT,1980/08/01,6369,9251,S
DANIELA,SCHUMACHER,1996/06/09,6379,7590,S
ANDREA,WOLF,1956/06/22,6411,7205,W
BARBARA,SCHUBERT,2004/08/06,6419,9010,S
KARIN,MEYER,1962/11/06,6441,8729,M
URSULA,BAUER,1940/04/30,6463,8961,B
HELGA KATHARINA,KLEIN,1951/04/18,6474,8606,K
ILSE,VOIGT,1979/08/27,6488,8678,V
RENATE,KUEHN,1995/10/05,6490,9499,K
MELANIE NICOLE,SCHAEFER,1966/05/04,6498,6320,S
GERTRUD,SCHULZE,1944/08/02,6524,5371,S
KARIN,BAUER,1934/05/16,6526,7479,B
ELISABETH,MUELLER,2006/07/19,6551,6740,M
GERDA,SCHNEIDER,1988/12/08,6556,6172,S
MARGARETE,SCHMIDT,1998/06/05,6559,8825,S
RENATE,SCHMIDT,1999/07/21,6565,5779,S
EDITH,SCHMIDT,1989/02/15,6573,5052,S
SILKE,BRAUN,1966/06/20,6591,8140,B
SILVIA,SCHAEFER,1943/02/05,6607,6678,S
SABINE,FRANK,1931/04/72,6623,8382,F
KARIN SABINE,HEINRICH,1943/11/08,6631,7860,H
MARION,KOERTIG,1967/10/02,6633,8816,K
SABINE,LANGE,1953/01/26,6639,7129,L
SABINE,SCHAEFER,1967/01/07,6661,9012,S
STEFANIE,SCHMID,1957/07/12,6667,6179,S
HELGA,SCHMITZ,1980/11/19,6673,8965,S
NICOLE,MUELLER,1951/01/02,6699,6883,M
WALTRAUD,LANG,1983/04/28,6700,9834,L
KARIN,MEYER,1925/02/11,6735,6758,M
NICOTLE,SCHMIDT,1998/08/16,6750,9803,S
HEIVKE,RICHTER,1953/12/09,6771,7865,R
MONIKA,KRUEGER,1951/08/21,6778,7171,K
JUTTA,LEHMANN,1992/08/13,6792,5086,L
INGEBORG,WEBER,1947/10/22,6798,9471,W
STEFANIE,MUELLER,1959/02/15,6806,9763,M
ELISABETH,KRAEMER,1968/06/26,6833,5306,K
MARIANNE,MUELLER,1966/08/18,6848,7525,M
KARIN,SCHMIDT,1944/08/29,6855,8636,S
BAERBEL,SCHROEDER,1989/09/26,6885,7357,S
SABINE,SCHNEIDER,1985/06/26,6887,5453,S
HELGA,FISCHER,1939/11/29,6906,6063,F
BIRGIT,SOMMER,1979/10/05,6918,9056,S
INGRID,WALTER,1996/09/23,6929,7352,W
GISELA,HAAS,1949/04/14,6931,8975,H
ANNA,BAUMANN,1983/04/16,6942,9366,B
ANNA,SCHMIDT,1936/07/13,6947,8410,S
GERIDA,KELLER,1947/08/16,6969,9488,K
HANNELORE,SCHMITT,1998/02/10,6974,7203,S
JOHANVNA,SAUER NEUMANN,1969/11/05,6976,6657,S
GISELA,SCHMITZ,1976/03/08,6979,6718,S
KARIN,KUEHN,1971/03/25,6990,5026,K
KATHARINA KATHARINA,LANGE,2001/08/31,6993,5464,L
CHRISTA,MUELLER,1958/02/01,6994,6800,M
GISELA,HOFMANN,1964/01/09,7028,6086,H
INGEBORG,RICHTER,1995/05/02,7030,6038,R
ELKE,MAIER,1971/11/07,7031,9635,M
BRIGITTE,ENGEL,1958/08/07,7042,7848,E
ELKE,THOMAS,1948/03/10,7056,7038,T
CLAUDIA PETRA,KRAUSE,1956/12/28,7066,8467,K
ANNA,LANG,2000/05/02,7090,6099,L
ELKE,BRAUN,1990/12/01,7124,7172,B
KARIN,MARTIN,1938/04/05,7142,5067,M
PETRA,VOGEL,1971/06/10,7162,5717,V
RENATE,ROTH,2006/09/06,7178,5257,R
ANKE,KOERTIG SCHMIDT,1965/11/02,7185,5641,K
KARIN,KRAEMER,1943/09/25,7214,5932,K
GISELA,BRAUN,1993/09/29,7221,6674,B
RENATE,MOELLER,1974/08/22,7223,6935,M
ANNA,SCHUSTER,1982/11/12,7224,7499,S
SABINE,SCHMITT,1959/05/05,7227,7193,S
KARIN,KOCH,1940/04/14,7229,5620,K
UTE,KOEHLER,1949/12/14,7232,7470,K
SONJA,HOFFMANN,1989/09/03,7245,5710,H
MARIA,WEISS,2006/04/01,7247,5334,W
INGE,KOCH,1963/10/21,7250,7810,K
CHRISTEL,JAEGER,1924/09/14,7262,7220,J
JUTTA,HERRMANN,1964/03/28,7263,9156,H
SABINE,LEHMANN,1963/11/02,7268,7612,L
BRIGITTE,MAYER,1955/09/03,7279,6053,M
ELISABETH,THOMAS,1941/07/16,7281,9509,T
UTE,SCHULTE,1936/02/21,7292,5400,S
MARIA,STEIN,1959/10/05,7298,6036,S
MONIKA,MEYER,1968/11/03,7303,5008,M
INGRID,LORENZ,1983/09/29,7314,7018,L
MARIA,SCHNEIDER,1925/02/21,7321,9210,S
ANKE,HOFFMANN,2000/06/10,7365,9048,H
UTE,SCHULZ,1952/02/21,7403,9118,S
KARIN,SCHMITT,1986/02/03,7405,8805,S
INGRID,WOLF,1925/02/19,7407,6314,W
GISELA,SEIDEL,1968/02/22,7409,7125,S
ANNA BIRGIT,SCHMID,1999/11/16,7411,8116,S
ANDREA,SCHROEDER,1940/09/05,7473,6186,S
HEIKE,LANGE,1953/08/09,7474,9020,L
KARIN,KOEHLER,1934/07/27,7503,8041,K
STEFANIE,MUELLER,1992/07/23,7509,7467,M
MARGARETE,FISCHER,2007/02/05,7510,8498,F
ANJA,KOEHLER,1952/11/05,7547,9468,K
ANNA,BAUER,1955/07/09,7571,7117,B
SUSANNE,STEIN,1937/04/18,7577,6145,S
HELGA,LUDWIG,1933/01/09,7583,5661,L
ANDREA,SCHNEIDER,1951/01/26,7613,8392,S
CHRISTINE,MUEKLER,1937/07/18,7619,7433,M
MONIKA,FRANKE,1924/07/01,7638,7429,F
CLAUDIA,ROTH,1993/12/09,7664,5975,R
GERDA,SCHNEIDER,1987/07/01,7677,6318,S
INGRID,SCHULZ,1965/03/29,7707,8668,S
RENATE,PFEIFFER,1947/10/05,7713,9883,P
SABINE,SCHOLZ,1951/09/29,7766,9782,S
BIRGIT,SCHKIDT,1955/08/14,7770,5215,S
HELENE,SOMMER,1969/05/19,7774,5563,S
ANKE,MAIER,2008/11/20,7776,8029,M
SABINE,MEYER,1943/09/03,7789,6254,M
CHRISTA,HOFMANN,1977/08/16,7820,6035,H
KARIN,HOFFMANN,1950/05/06,7821,8632,H
MELANIE,SCHULZE,1995/03/13,7828,5249,S
PETRA,MUELLER,1984/12/11,7848,9091,M
SUSANNE,LEHMANN,1985/06/06,7878,7699,L
SABINE ANGELIKA,WAGNER,1937/01/01,7881,7365,W
MARIA,KOEHLER,2003/03/22,7884,5922,K
REGINA,VOGT,1969/11/22,7915,6825,V
GISELA,SCHMIDT,1967/04/09,7951,6425,S
CHRISTINE,WEBER,1931/09/06,7980,8196,W
MONIKA,MAYER,1965/04/25,7986,6375,M
GABRIELE,PFEIFFER,1989/03/18,7994,8217,P
HANNELORE MARTHA,POHL,1995/12/14,8011,8254,P
ANDREA,BAUMANN,1952/07/01,8018,5149,B
SILVIA,SCHMIDT,1937/06/26,8044,8526,S
SABINE,WERNER,1948/07/10,8049,8519,W
CHRISTA,SCHULZE,1948/11/06,8079,7559,S
SUSANNE,WOLF,1999/07/31,8094,5957,W
KARIN,MUELLER,1980/06/25,8096,5788,M
KARIN,ROTH,1965/12/15,8097,9856,R
CHRISTINE,SCHUSTER,1944/01/27,8148,9959,S
ANDRNEA,BRAUN,1959/04/09,8149,5685,B
BIRGIT,MEYER,1924/12/06,8167,5418,M
JUTTA,SCHAEFER,1977/04/21,8173,5893,S
ANDREA,KRUEGER,1930/08/03,8189,6709,K
ANJA,BECKER,1934/11/12,8193,9852,B
INGEBORG,HORN,1971/07/10,8212,5777,H
INGRID,WEBER,1962/05/24,8215,8307,W
URSULA,BECKER,1951/10/12,8217,9455,B
ANDREA,SCHMIDT,1949/10/17,8226,8059,S
BIRGIT,FRANK,2003/02/11,8237,5590,F
HELGA,BERGER,1960/09/29,8238,8226,B
UTE,WEISS,1979/05/13,8244,8422,W
KATHARINA,KOEHLER,1959/02/15,8245,7505,K
SABINE,BAUBR BRAUN,1958/05/29,8279,9747,B
INGRID,SCHOLZ,1977/12/13,8291,9424,S
HELGA,SCHOLZ,1980/11/17,8371,9512,S
ELKE,SCHMITT,1950/06/27,8372,9965,S
FRIEDA,SCHAEFER,1999/02/05,8394,5488,S
ERIKA,FISCHER,1942/02/05,8400,6538,F
KATHRIN ERIKA,DIETRICH,1963/12/29,8406,5883,D
STEFANIE,ZIEGLER,1978/11/30,8416,7482,Z
SUSANNE,MUELLER,1958/09/20,8420,7355,M
INGRID,SOMMER,1988/09/08,8422,6460,S
GERTRUD,WAGNER,1982/05/14,8438,9183,W
MARTINA,SCHAEFER,1986/06/20,8449,9833,S
ANJA,KLEIN,1956/07/11,8480,6766,K
CHRISTA,SCHMIDT,1943/03/25,8497,5952,S
KARIN,LORENZ,1946/10/20,8533,6660,L
INGE,KOWH,1936/04/21,8539,9029,K
CHRISTA,GUENTHER,1959/10/02,8590,6328,G
ANDREA,SCHULZ,1961/02/25,8671,5962,S
KARIN,MUELLER,1947/09/14,8678,5928,M
CLAUDIA,SCHUBERT,1967/03/22,8679,6359,S
CHRISTA,HERRMANN,1943/07/02,8683,7516,H
KARIN,WEBER,1958/07/14,8697,8580,W
ANJA,MEIER,1970/01/02,8708,9459,M
ERIKA,BAUER,1963/01/12,8724,7762,B
PETRA,SCHUSTER,1940/06/19,8730,9540,S
ANNA,NEUMANN,1978/10/03,8731,6737,N
ERIKA,FISCHER,1988/12/27,8745,9544,F
HELENE,KRAUSE,1978/11/05,8749,8261,K
GABRIELE,SCHAECER,1930/02/05,8774,5614,S
MARTHA,HOFFMANN,1966/11/02,8779,7778,H
MONIKA,BECKER,1925/03/27,8780,9396,B
KARIN,FISCHER,1975/04/14,8791,8427,F
KATHARINA,SCHMIDT,1970/02/16,8813,7861,S
ELKE,SCHULZE,1951/01/01,8815,8299,S
WALTRAUD,HERRMANN,1992/04/17,8839,5046,H
MARIOQN,BRANDT,1946/06/23,8858,6142,B
ANGELIKA,KELLER,1980/04/28,8872,5926,K
MARTINA,SCHNEIDER,1990/11/17,8895,8446,S
CHRISTINE,WOLF,1928/06/22,8913,5756,W
INGRID,SCHMID,1949/02/06,8920,5407,S
MARGOT,SCHMIDT,1980/10/25,8921,5874,S
STEFANIE,KRAUSE,1977/04/21,8932,6397,K
KARIN,MAIER,1989/12/11,8949,8292,M
INGRID,MUELLER,1972/09/30,8953,5010,M
CHRISTA,WERNER,1964/10/23,8958,5321,W
